first_name,last_name,address,county,state,zip,email
James,Butt,6649 N Blue Gum St,Orleans,LA,70116,jbutt@gmail.com
Josephine,Darakjy,4 B Blue Ridge Blvd,Livingston,MI,48116,josephine_darakjy@darakjy.org
Art,Venere,8 W Cerritos Ave #54,Gloucester,NJ,08014,art@venere.org
Lenna,Paprocki,639 Main St,Anchorage,AK,99501,lpaprocki@hotmail.com
Donette,Foller,34 Center St,Butler,OH,45011,donette.foller@cox.net
Simona,Morasca,3 Mcauley Dr,Ashland,OH,44805,simona@morasca.com
Mitsue,Tollner,7 Eads St,Cook,IL,60632,mitsue_tollner@yahoo.com
Leota,Dilliard,7 W Jackson Blvd,Santa Clara,CA,95111,leota@hotmail.com
Sage,Wieser,5 Boston Ave #88,Minnehaha,SD,57105,sage_wieser@cox.net
Kris,Marrier,228 Runamuck Pl #2808,Baltimore City,MD,21224,kris@gmail.com
Minna,Amigon,2371 Jerrold Ave,Montgomery,PA,19443,minna_amigon@yahoo.com
Abel,Maclead,37275 St  Rt 17m M,Suffolk,NY,11953,amaclead@gmail.com
Kiley,Caldarera,25 E 75th St #69,Los Angeles,CA,90034,kiley.caldarera@aol.com
Graciela,Ruta,98 Connecticut Ave Nw,Geauga,OH,44023,gruta@cox.net
Cammy,Albares,56 E Morehead St,Webb,TX,78045,calbares@gmail.com
Mattie,Poquette,73 State Road 434 E,Maricopa,AZ,85013,mattie@aol.com
Meaghan,Garufi,69734 E Carrillo St,Warren,TN,37110,meaghan@hotmail.com
Gladys,Rim,322 New Horizon Blvd,Milwaukee,WI,53207,gladys.rim@rim.org
Yuki,Whobrey,1 State Route 27,Wayne,MI,48180,yuki_whobrey@aol.com
Fletcher,Flosi,394 Manchester Blvd,Winnebago,IL,61109,fletcher.flosi@yahoo.com
Bette,Nicka,6 S 33rd St,Delaware,PA,19014,bette_nicka@cox.net
Veronika,Inouye,6 Greenleaf Ave,Santa Clara,CA,95111,vinouye@aol.com
Willard,Kolmetz,618 W Yakima Ave,Dallas,TX,75062,willard@hotmail.com
Maryann,Royster,74 S Westgate St,Albany,NY,12204,mroyster@royster.com
Alisha,Slusarski,3273 State St,Middlesex,NJ,08846,alisha@slusarski.com
Allene,Iturbide,1 Central Ave,Portage,WI,54481,allene_iturbide@cox.net
Chanel,Caudy,86 Nw 66th St #8673,Johnson,KS,66218,chanel.caudy@caudy.org
Ezekiel,Chui,2 Cedar Ave #84,Talbot,MD,21601,ezekiel@chui.com
Willow,Kusko,90991 Thorburn Ave,New York,NY,10011,wkusko@yahoo.com
Bernardo,Figeroa,386 9th Ave N,Montgomery,TX,77301,bfigeroa@aol.com
Ammie,Corrio,74874 Atlantic Ave,Franklin,OH,43215,ammie@corrio.com
Francine,Vocelka,366 South Dr,Dona Ana,NM,88011,francine_vocelka@vocelka.com
Ernie,Stenseth,45 E Liberty St,Bergen,NJ,07660,ernie_stenseth@aol.com
Albina,Glick,4 Ralph Ct,Middlesex,NJ,08812,albina@glick.com
Alishia,Sergi,2742 Distribution Way,New York,NY,10025,asergi@gmail.com
Solange,Shinko,426 Wolf St,Jefferson,LA,70002,solange@shinko.com
Jose,Stockham,128 Bransten Rd,New York,NY,10011,jose@yahoo.com
Rozella,Ostrosky,17 Morena Blvd,Ventura,CA,93012,rozella.ostrosky@ostrosky.com
Valentine,Gillian,775 W 17th St,Bexar,TX,78204,valentine_gillian@gmail.com
Kati,Rulapaugh,6980 Dorsett Rd,Dickinson,KS,67410,kati.rulapaugh@hotmail.com
Youlanda,Schemmer,2881 Lewis Rd,Crook,OR,97754,youlanda@aol.com
Dyan,Oldroyd,7219 Woodfield Rd,Johnson,KS,66204,doldroyd@aol.com
Roxane,Campain,1048 Main St,Fairbanks North Star,AK,99708,roxane@hotmail.com
Lavera,Perin,678 3rd Ave,Miami-Dade,FL,33196,lperin@perin.org
Erick,Ferencz,20 S Babcock St,Fairbanks North Star,AK,99712,erick.ferencz@aol.com
Fatima,Saylors,2 Lighthouse Ave,Hennepin,MN,55343,fsaylors@saylors.org
Jina,Briddick,38938 Park Blvd,Suffolk,MA,02128,jina_briddick@briddick.com
Kanisha,Waycott,5 Tomahawk Dr,Los Angeles,CA,90006,kanisha_waycott@yahoo.com
Emerson,Bowley,762 S Main St,Dane,WI,53711,emerson.bowley@bowley.org
Blair,Malet,209 Decker Dr,Philadelphia,PA,19132,bmalet@yahoo.com
Brock,Bolognia,4486 W O St #1,New York,NY,10003,bbolognia@yahoo.com
Lorrie,Nestle,39 S 7th St,Coffee,TN,37388,lnestle@hotmail.com
Sabra,Uyetake,98839 Hawthorne Blvd #6101,Richland,SC,29201,sabra@uyetake.org
Marjory,Mastella,71 San Mateo Ave,Delaware,PA,19087,mmastella@mastella.com
Karl,Klonowski,76 Brooks St #9,Hunterdon,NJ,08822,karl_klonowski@yahoo.com
Tonette,Wenner,4545 Courthouse Rd,Nassau,NY,11590,twenner@aol.com
Amber,Monarrez,14288 Foster Ave #4121,Montgomery,PA,19046,amber_monarrez@monarrez.org
Shenika,Seewald,4 Otis St,Los Angeles,CA,91405,shenika@gmail.com
Delmy,Ahle,65895 S 16th St,Providence,RI,02909,delmy.ahle@hotmail.com
Deeanna,Juhas,14302 Pennsylvania Ave,Montgomery,PA,19006,deeanna_juhas@gmail.com
Blondell,Pugh,201 Hawk Ct,Providence,RI,02904,bpugh@aol.com
Jamal,Vanausdal,53075 Sw 152nd Ter #615,Middlesex,NJ,08831,jamal@vanausdal.org
Cecily,Hollack,59 N Groesbeck Hwy,Travis,TX,78731,cecily@hollack.org
Carmelina,Lindall,2664 Lewis Rd,Douglas,CO,80126,carmelina_lindall@lindall.com
Maurine,Yglesias,59 Shady Ln #53,Milwaukee,WI,53214,maurine_yglesias@yglesias.com
Tawna,Buvens,3305 Nabell Ave #679,New York,NY,10009,tawna@gmail.com
Penney,Weight,18 Fountain St,Anchorage,AK,99515,penney_weight@aol.com
Elly,Morocco,7 W 32nd St,Erie,PA,16502,elly_morocco@gmail.com
Ilene,Eroman,2853 S Central Expy,Anne Arundel,MD,21061,ilene.eroman@hotmail.com
Vallie,Mondella,74 W College St,Ada,ID,83707,vmondella@mondella.com
Kallie,Blackwood,701 S Harrison Rd,San Francisco,CA,94104,kallie.blackwood@gmail.com
Johnetta,Abdallah,1088 Pinehurst St,Orange,NC,27514,johnetta_abdallah@aol.com
Bobbye,Rhym,30 W 80th St #1995,San Mateo,CA,94070,brhym@rhym.com
Micaela,Rhymes,20932 Hedley St,Contra Costa,CA,94520,micaela_rhymes@gmail.com
Tamar,Hoogland,2737 Pistorio Rd #9230,Madison,OH,43140,tamar@hotmail.com
Moon,Parlato,74989 Brandon St,Allegany,NY,14895,moon@yahoo.com
Laurel,Reitler,6 Kains Ave,Baltimore City,MD,21215,laurel_reitler@reitler.com
Delisa,Crupi,47565 W Grand Ave,Essex,NJ,07105,delisa.crupi@crupi.com
Viva,Toelkes,4284 Dorigo Ln,Cook,IL,60647,viva.toelkes@gmail.com
Elza,Lipke,6794 Lake Dr E,Essex,NJ,07104,elza@yahoo.com
Devorah,Chickering,31 Douglas Blvd #950,Curry,NM,88101,devorah@hotmail.com
Timothy,Mulqueen,44 W 4th St,Richmond,NY,10309,timothy_mulqueen@mulqueen.org
Arlette,Honeywell,11279 Loytan St,Duval,FL,32254,ahoneywell@honeywell.com
Dominque,Dickerson,69 Marquette Ave,Alameda,CA,94545,dominque.dickerson@dickerson.org
Lettie,Isenhower,70 W Main St,Cuyahoga,OH,44122,lettie_isenhower@yahoo.com
Myra,Munns,461 Prospect Pl #316,Tarrant,TX,76040,mmunns@cox.net
Stephaine,Barfield,47154 Whipple Ave Nw,Los Angeles,CA,90247,stephaine@barfield.com
Lai,Gato,37 Alabama Ave,Cook,IL,60201,lai.gato@gato.org
Stephen,Emigh,3777 E Richmond St #900,Summit,OH,44302,stephen_emigh@hotmail.com
Tyra,Shields,3 Fort Worth Ave,Philadelphia,PA,19106,tshields@gmail.com
Tammara,Wardrip,4800 Black Horse Pike,San Mateo,CA,94010,twardrip@cox.net
Cory,Gibes,83649 W Belmont Ave,Los Angeles,CA,91776,cory.gibes@gmail.com
Danica,Bruschke,840 15th Ave,McLennan,TX,76708,danica_bruschke@gmail.com
Wilda,Giguere,1747 Calle Amanecer #2,Anchorage,AK,99501,wilda@cox.net
Elvera,Benimadho,99385 Charity St #840,Santa Clara,CA,95110,elvera.benimadho@cox.net
Carma,Vanheusen,68556 Central Hwy,Alameda,CA,94577,carma@cox.net
Malinda,Hochard,55 Riverside Ave,Marion,IN,46202,malinda.hochard@yahoo.com
Natalie,Fern,7140 University Ave,Sweetwater,WY,82901,natalie.fern@hotmail.com
Lisha,Centini,64 5th Ave #1153,Fairfax,VA,22102,lisha@centini.org
Arlene,Klusman,3 Secor Rd,Orleans,LA,70112,arlene_klusman@gmail.com
Alease,Buemi,4 Webbs Chapel Rd,Boulder,CO,80303,alease@buemi.com
Louisa,Cronauer,524 Louisiana Ave Nw,Alameda,CA,94577,louisa@cronauer.com
Angella,Cetta,185 Blackstone Bldge,Honolulu,HI,96817,angella.cetta@hotmail.com
Cyndy,Goldammer,170 Wyoming Ave,Dakota,MN,55337,cgoldammer@cox.net
Rosio,Cork,4 10th St W,Guilford,NC,27263,rosio.cork@gmail.com
Celeste,Korando,7 W Pinhook Rd,Nassau,NY,11563,ckorando@hotmail.com
Twana,Felger,1 Commerce Way,Washington,OR,97224,twana.felger@felger.org
Estrella,Samu,64 Lakeview Ave,Rock,WI,53511,estrella@aol.com
Donte,Kines,3 Aspen St,Worcester,MA,01602,dkines@hotmail.com
Tiffiny,Steffensmeier,32860 Sierra Rd,Miami-Dade,FL,33133,tiffiny_steffensmeier@cox.net
Edna,Miceli,555 Main St,Erie,PA,16502,emiceli@miceli.org
Sue,Kownacki,2 Se 3rd Ave,Dallas,TX,75149,sue@aol.com
Jesusa,Shin,2239 Shawnee Mission Pky,Coffee,TN,37388,jshin@shin.com
Rolland,Francescon,2726 Charcot Ave,Passaic,NJ,07501,rolland@cox.net
Pamella,Schmierer,5161 Dorsett Rd,Miami-Dade,FL,33030,pamella.schmierer@schmierer.org
Glory,Kulzer,55892 Jacksonville Rd,Baltimore,MD,21117,gkulzer@kulzer.org
Shawna,Palaspas,5 N Cleveland Massillon Rd,Ventura,CA,91362,shawna_palaspas@palaspas.org
Brandon,Callaro,7 Benton Dr,Honolulu,HI,96819,brandon_callaro@hotmail.com
Scarlet,Cartan,9390 S Howell Ave,Dougherty,GA,31701,scarlet.cartan@yahoo.com
Oretha,Menter,8 County Center Dr #647,Suffolk,MA,02210,oretha_menter@yahoo.com
Ty,Smith,4646 Kaahumanu St,Bergen,NJ,07601,tsmith@aol.com
Xuan,Rochin,2 Monroe St,San Mateo,CA,94403,xuan@gmail.com
Lindsey,Dilello,52777 Leaders Heights Rd,San Bernardino,CA,91761,lindsey.dilello@hotmail.com
Devora,Perez,72868 Blackington Ave,Alameda,CA,94606,devora_perez@perez.org
Herman,Demesa,9 Norristown Rd,Rensselaer,NY,12180,hdemesa@cox.net
Rory,Papasergi,83 County Road 437 #8581,Lackawanna,PA,18411,rpapasergi@cox.net
Talia,Riopelle,1 N Harlem Ave #9,Essex,NJ,07050,talia_riopelle@aol.com
Van,Shire,90131 J St,Hunterdon,NJ,08867,van.shire@shire.com
Lucina,Lary,8597 W National Ave,Brevard,FL,32922,lucina_lary@cox.net
Bok,Isaacs,6 Gilson St,Bronx,NY,10468,bok.isaacs@aol.com
Rolande,Spickerman,65 W Maple Ave,Honolulu,HI,96782,rolande.spickerman@spickerman.com
Howard,Paulas,866 34th Ave,Denver,CO,80231,hpaulas@gmail.com
Kimbery,Madarang,798 Lund Farm Way,Morris,NJ,07866,kimbery_madarang@cox.net
Thurman,Manno,9387 Charcot Ave,Atlantic,NJ,08201,thurman.manno@yahoo.com
Becky,Mirafuentes,30553 Washington Rd,Union,NJ,07062,becky.mirafuentes@mirafuentes.com
Beatriz,Corrington,481 W Lemon St,Plymouth,MA,02346,beatriz@yahoo.com
Marti,Maybury,4 Warehouse Point Rd #7,Cook,IL,60638,marti.maybury@yahoo.com
Nieves,Gotter,4940 Pulaski Park Dr,Multnomah,OR,97202,nieves_gotter@gmail.com
Leatha,Hagele,627 Walford Ave,Dallas,TX,75227,lhagele@cox.net
Valentin,Klimek,137 Pioneer Way,Cook,IL,60604,vklimek@klimek.org
Melissa,Wiklund,61 13 Stoneridge #835,Hancock,OH,45840,melissa@cox.net
Sheridan,Zane,2409 Alabama Rd,Riverside,CA,92501,sheridan.zane@zane.com
Bulah,Padilla,8927 Vandever Ave,McLennan,TX,76707,bulah_padilla@hotmail.com
Audra,Kohnert,134 Lewis Rd,Davidson,TN,37211,audra@kohnert.com
Daren,Weirather,9 N College Ave #3,Milwaukee,WI,53216,dweirather@aol.com
Fernanda,Jillson,60480 Old Us Highway 51,Caroline,MD,21655,fjillson@aol.com
Gearldine,Gellinger,4 Bloomfield Ave,Dallas,TX,75061,gearldine_gellinger@gellinger.com
Chau,Kitzman,429 Tiger Ln,Los Angeles,CA,90212,chau@gmail.com
Theola,Frey,54169 N Main St,Nassau,NY,11758,theola_frey@frey.com
Cheryl,Haroldson,92 Main St,Atlantic,NJ,08401,cheryl@haroldson.org
Laticia,Merced,72 Mannix Dr,Hamilton,OH,45203,lmerced@gmail.com
Carissa,Batman,12270 Caton Center Dr,Lane,OR,97401,carissa.batman@yahoo.com
Lezlie,Craghead,749 W 18th St #45,Johnston,NC,27577,lezlie.craghead@craghead.org
Ozell,Shealy,8 Industry Ln,New York,NY,10002,oshealy@hotmail.com
Arminda,Parvis,1 Huntwood Ave,Maricopa,AZ,85017,arminda@parvis.com
Reita,Leto,55262 N French Rd,Marion,IN,46240,reita.leto@gmail.com
Yolando,Luczki,422 E 21st St,Onondaga,NY,13214,yolando@cox.net
Lizette,Stem,501 N 19th Ave,Camden,NJ,08002,lizette.stem@aol.com
Gregoria,Pawlowicz,455 N Main Ave,Nassau,NY,11530,gpawlowicz@yahoo.com
Carin,Deleo,1844 Southern Blvd,Pulaski,AR,72202,cdeleo@deleo.com
Chantell,Maynerich,2023 Greg St,Ramsey,MN,55101,chantell@yahoo.com
Dierdre,Yum,63381 Jenks Ave,Philadelphia,PA,19134,dyum@yahoo.com
Larae,Gudroe,6651 Municipal Rd,Terrebonne,LA,70360,larae_gudroe@gmail.com
Latrice,Tolfree,81 Norris Ave #525,Suffolk,NY,11779,latrice.tolfree@hotmail.com
Kerry,Theodorov,6916 W Main St,Sacramento,CA,95827,kerry.theodorov@gmail.com
Dorthy,Hidvegi,9635 S Main St,Ada,ID,83704,dhidvegi@yahoo.com
Fannie,Lungren,17 Us Highway 111,Williamson,TX,78664,fannie.lungren@yahoo.com
Evangelina,Radde,992 Civic Center Dr,Philadelphia,PA,19123,evangelina@aol.com
Novella,Degroot,303 N Radcliffe St,Hawaii,HI,96720,novella_degroot@degroot.org
Clay,Hoa,73 Saint Ann St #86,Washoe,NV,89502,choa@hoa.org
Jennifer,Fallick,44 58th St,Cook,IL,60090,jfallick@yahoo.com
Irma,Wolfgramm,9745 W Main St,Morris,NJ,07869,irma.wolfgramm@hotmail.com
Eun,Coody,84 Bloomfield Ave,Spartanburg,SC,29301,eun@yahoo.com
Sylvia,Cousey,287 Youngstown Warren Rd,Carroll,MD,21074,sylvia_cousey@cousey.org
Nana,Wrinkles,6 Van Buren St,Westchester,NY,10553,nana@aol.com
Layla,Springe,229 N Forty Driv,New York,NY,10011,layla.springe@cox.net
Joesph,Degonia,2887 Knowlton St #5435,Alameda,CA,94710,joesph_degonia@degonia.org
Annabelle,Boord,523 Marquette Ave,Middlesex,MA,01742,annabelle.boord@cox.net
Stephaine,Vinning,3717 Hamann Industrial Pky,San Francisco,CA,94104,stephaine@cox.net
Nelida,Sawchuk,3 State Route 35 S,Bergen,NJ,07652,nelida@gmail.com
Marguerita,Hiatt,82 N Highway 67,Contra Costa,CA,94561,marguerita.hiatt@gmail.com
Carmela,Cookey,9 Murfreesboro Rd,Cook,IL,60623,ccookey@cookey.org
Junita,Brideau,6 S Broadway St,Essex,NJ,07009,jbrideau@aol.com
Claribel,Varriano,6 Harry L Dr #6327,Wood,OH,43551,claribel_varriano@cox.net
Benton,Skursky,47939 Porter Ave,Los Angeles,CA,90248,benton.skursky@aol.com
Hillary,Skulski,9 Wales Rd Ne #914,Citrus,FL,34448,hillary.skulski@aol.com
Merilyn,Bayless,195 13n N,Santa Clara,CA,95054,merilyn_bayless@cox.net
Teri,Ennaco,99 Tank Farm Rd,Luzerne,PA,18201,tennaco@gmail.com
Merlyn,Lawler,4671 Alemany Blvd,Hudson,NJ,07304,merlyn_lawler@hotmail.com
Georgene,Montezuma,98 University Dr,Contra Costa,CA,94583,gmontezuma@cox.net
Jettie,Mconnell,50 E Wacker Dr,Somerset,NJ,08807,jmconnell@hotmail.com
Lemuel,Latzke,70 Euclid Ave #722,Suffolk,NY,11716,lemuel.latzke@gmail.com
Melodie,Knipp,326 E Main St #6496,Ventura,CA,91362,mknipp@gmail.com
Candida,Corbley,406 Main St,Somerset,NJ,08876,candida_corbley@hotmail.com
Karan,Karpin,3 Elmwood Dr,Washington,OR,97005,karan_karpin@gmail.com
Andra,Scheyer,9 Church St,Marion,OR,97302,andra@gmail.com
Felicidad,Poullion,9939 N 14th St,Burlington,NJ,08077,fpoullion@poullion.com
Belen,Strassner,5384 Southwyck Blvd,Douglas,GA,30135,belen_strassner@aol.com
Gracia,Melnyk,97 Airport Loop Dr,Duval,FL,32216,gracia@melnyk.com
Jolanda,Hanafan,37855 Nolan Rd,Penobscot,ME,04401,jhanafan@gmail.com
Barrett,Toyama,4252 N Washington Ave #9,Tarrant,TX,76060,barrett.toyama@toyama.org
Helga,Fredicks,42754 S Ash Ave,Erie,NY,14228,helga_fredicks@yahoo.com
Ashlyn,Pinilla,703 Beville Rd,Miami-Dade,FL,33054,apinilla@cox.net
Fausto,Agramonte,5 Harrison Rd,New York,NY,10038,fausto_agramonte@yahoo.com
Ronny,Caiafa,73 Southern Blvd,Philadelphia,PA,19103,ronny.caiafa@caiafa.org
Marge,Limmel,189 Village Park Rd,Okaloosa,FL,32536,marge@gmail.com
Norah,Waymire,6 Middlegate Rd #106,San Francisco,CA,94107,norah.waymire@gmail.com
Aliza,Baltimore,1128 Delaware St,Santa Clara,CA,95132,aliza@aol.com
Mozell,Pelkowski,577 Parade St,San Mateo,CA,94080,mpelkowski@pelkowski.org
Viola,Bitsuie,70 Mechanic St,Los Angeles,CA,91325,viola@gmail.com
Franklyn,Emard,4379 Highway 116,Philadelphia,PA,19103,femard@emard.com
Willodean,Konopacki,55 Hawthorne Blvd,Lafayette,LA,70506,willodean_konopacki@konopacki.org
Beckie,Silvestrini,7116 Western Ave,Wayne,MI,48126,beckie.silvestrini@silvestrini.com
Rebecka,Gesick,2026 N Plankinton Ave #3,Travis,TX,78754,rgesick@gesick.org
Frederica,Blunk,99586 Main St,Dallas,TX,75207,frederica_blunk@gmail.com
Glen,Bartolet,8739 Hudson St,King,WA,98070,glen_bartolet@hotmail.com
Freeman,Gochal,383 Gunderman Rd #197,Chester,PA,19320,freeman_gochal@aol.com
Vincent,Meinerding,4441 Point Term Mkt,Philadelphia,PA,19143,vincent.meinerding@hotmail.com
Rima,Bevelacqua,2972 Lafayette Ave,Los Angeles,CA,90248,rima@cox.net
Glendora,Sarbacher,2140 Diamond Blvd,Sonoma,CA,94928,gsarbacher@gmail.com
Avery,Steier,93 Redmond Rd #492,Orange,FL,32803,avery@cox.net
Cristy,Lother,3989 Portage Tr,San Diego,CA,92025,cristy@lother.com
Nicolette,Brossart,1 Midway Rd,Worcester,MA,01581,nicolette_brossart@brossart.com
Tracey,Modzelewski,77132 Coon Rapids Blvd Nw,Montgomery,TX,77301,tracey@hotmail.com
Virgina,Tegarden,755 Harbor Way,Milwaukee,WI,53226,virgina_tegarden@tegarden.com
Tiera,Frankel,87 Sierra Rd,Los Angeles,CA,91731,tfrankel@aol.com
Alaine,Bergesen,7667 S Hulen St #42,Westchester,NY,10701,alaine_bergesen@cox.net
Earleen,Mai,75684 S Withlapopka Dr #32,Dallas,TX,75227,earleen_mai@cox.net
Leonida,Gobern,5 Elmwood Park Blvd,Harrison,MS,39530,leonida@gobern.org
Ressie,Auffrey,23 Palo Alto Sq,Miami-Dade,FL,33134,ressie.auffrey@yahoo.com
Justine,Mugnolo,38062 E Main St,New York,NY,10048,jmugnolo@yahoo.com
Eladia,Saulter,3958 S Dupont Hwy #7,Bergen,NJ,07446,eladia@saulter.com
Chaya,Malvin,560 Civic Center Dr,Washtenaw,MI,48103,chaya@malvin.com
Gwenn,Suffield,3270 Dequindre Rd,Suffolk,NY,11729,gwenn_suffield@suffield.org
Salena,Karpel,1 Garfield Ave #7,Stark,OH,44707,skarpel@cox.net
Yoko,Fishburne,9122 Carpenter Ave,New Haven,CT,06511,yoko@fishburne.com
Taryn,Moyd,48 Lenox St,Fairfax City,VA,22030,taryn.moyd@hotmail.com
Katina,Polidori,5 Little River Tpke,Middlesex,MA,01887,katina_polidori@aol.com
Rickie,Plumer,3 N Groesbeck Hwy,Lucas,OH,43613,rickie.plumer@aol.com
Alex,Loader,37 N Elm St #916,Pierce,WA,98409,alex@loader.com
Lashon,Vizarro,433 Westminster Blvd #590,Placer,CA,95661,lashon@aol.com
Lauran,Burnard,66697 Park Pl #3224,Fremont,WY,82501,lburnard@burnard.com
Ceola,Setter,96263 Greenwood Pl,Knox,ME,04864,ceola.setter@setter.org
My,Rantanen,8 Mcarthur Ln,Bucks,PA,18954,my@hotmail.com
Lorrine,Worlds,8 Fair Lawn Ave,Hillsborough,FL,33614,lorrine.worlds@worlds.com
Peggie,Sturiale,9 N 14th St,San Diego,CA,92020,peggie@cox.net
Marvel,Raymo,9 Vanowen St,Brazos,TX,77840,mraymo@yahoo.com
Daron,Dinos,18 Waterloo Geneva Rd,Lake,IL,60035,daron_dinos@cox.net
An,Fritz,506 S Hacienda Dr,Atlantic,NJ,08401,an_fritz@hotmail.com
Portia,Stimmel,3732 Sherman Ave,Somerset,NJ,08807,portia.stimmel@aol.com
Rhea,Aredondo,25657 Live Oak St,Kings,NY,11226,rhea_aredondo@cox.net
Benedict,Sama,4923 Carey Ave,Saint Louis City,MO,63104,bsama@cox.net
Alyce,Arias,3196 S Rider Trl,San Joaquin,CA,95207,alyce@arias.org
Heike,Berganza,3 Railway Ave #75,Passaic,NJ,07424,heike@gmail.com
Carey,Dopico,87393 E Highland Rd,Marion,IN,46220,carey_dopico@dopico.org
Dottie,Hellickson,67 E Chestnut Hill Rd,King,WA,98133,dottie@hellickson.org
Deandrea,Hughey,33 Lewis Rd #46,Alamance,NC,27215,deandrea@yahoo.com
Kimberlie,Duenas,8100 Jacksonville Rd #7,Ellis,KS,67601,kimberlie_duenas@yahoo.com
Martina,Staback,7 W Wabansia Ave #227,Orange,FL,32822,martina_staback@staback.com
Skye,Fillingim,25 Minters Chapel Rd #9,Hennepin,MN,55401,skye_fillingim@yahoo.com
Jade,Farrar,6882 Torresdale Ave,Richland,SC,29201,jade.farrar@yahoo.com
Charlene,Hamilton,985 E 6th Ave,Sonoma,CA,95407,charlene.hamilton@hotmail.com
Geoffrey,Acey,7 West Ave #1,Cook,IL,60067,geoffrey@gmail.com
Stevie,Westerbeck,26659 N 13th St,Orange,CA,92626,stevie.westerbeck@yahoo.com
Pamella,Fortino,669 Packerland Dr #1438,Denver,CO,80212,pamella@fortino.com
Harrison,Haufler,759 Eldora St,New Haven,CT,06515,hhaufler@hotmail.com
Johnna,Engelberg,5 S Colorado Blvd #449,Snohomish,WA,98021,jengelberg@engelberg.org
Buddy,Cloney,944 Gaither Dr,Cuyahoga,OH,44136,buddy.cloney@yahoo.com
Dalene,Riden,66552 Malone Rd,Rockingham,NH,03865,dalene.riden@aol.com
Jerry,Zurcher,77 Massillon Rd #822,Brevard,FL,32937,jzurcher@zurcher.org
Haydee,Denooyer,25346 New Rd,New York,NY,10016,hdenooyer@denooyer.org
Joseph,Cryer,60 Fillmore Ave,Orange,CA,92647,joseph_cryer@cox.net
Deonna,Kippley,57 Haven Ave #90,Oakland,MI,48075,deonna_kippley@hotmail.com
Raymon,Calvaresi,6538 E Pomona St #60,Marion,IN,46222,raymon.calvaresi@gmail.com
Alecia,Bubash,6535 Joyce St,Wichita,TX,76301,alecia@aol.com
Ma,Layous,78112 Morris Ave,New Haven,CT,06473,mlayous@hotmail.com
Detra,Coyier,96950 Hidden Ln,Harford,MD,21001,detra@aol.com
Terrilyn,Rodeigues,3718 S Main St,Orleans,LA,70130,terrilyn.rodeigues@cox.net
Salome,Lacovara,9677 Commerce Dr,Richmond City,VA,23219,slacovara@gmail.com
Garry,Keetch,5 Green Pond Rd #4,Bucks,PA,18966,garry_keetch@hotmail.com
Matthew,Neither,636 Commerce Dr #42,Scott,MN,55379,mneither@yahoo.com
Theodora,Restrepo,42744 Hamann Industrial Pky #82,Miami-Dade,FL,33136,theodora.restrepo@restrepo.com
Noah,Kalafatis,1950 5th Ave,Milwaukee,WI,53209,noah.kalafatis@aol.com
Carmen,Sweigard,61304 N French Rd,Somerset,NJ,08873,csweigard@sweigard.com
Lavonda,Hengel,87 Imperial Ct #79,Cass,ND,58102,lavonda@cox.net
Junita,Stoltzman,94 W Dodge Rd,Carson City,NV,89701,junita@aol.com
Herminia,Nicolozakes,4 58th St #3519,Maricopa,AZ,85254,herminia@nicolozakes.org
Casie,Good,5221 Bear Valley Rd,Davidson,TN,37211,casie.good@aol.com
Reena,Maisto,9648 S Main,Wicomico,MD,21801,reena@hotmail.com
Mirta,Mallett,7 S San Marcos Rd,New York,NY,10004,mirta_mallett@gmail.com
Cathrine,Pontoriero,812 S Haven St,Randall,TX,79109,cathrine.pontoriero@pontoriero.com
Filiberto,Tawil,3882 W Congress St #799,Los Angeles,CA,90016,ftawil@hotmail.com
Raul,Upthegrove,4 E Colonial Dr,San Diego,CA,91942,rupthegrove@yahoo.com
Sarah,Candlish,45 2nd Ave #9759,Fulton,GA,30328,sarah.candlish@gmail.com
Lucy,Treston,57254 Brickell Ave #372,Worcester,MA,01602,lucy@cox.net
Judy,Aquas,8977 Connecticut Ave Nw #3,Berrien,MI,49120,jaquas@aquas.com
Yvonne,Tjepkema,9 Waydell St,Essex,NJ,07004,yvonne.tjepkema@hotmail.com
Kayleigh,Lace,43 Huey P Long Ave,Lafayette,LA,70508,kayleigh.lace@yahoo.com
Felix,Hirpara,7563 Cornwall Rd #4462,Lancaster,PA,17517,felix_hirpara@cox.net
Tresa,Sweely,22 Bridle Ln,Saint Louis,MO,63088,tresa_sweely@hotmail.com
Kristeen,Turinetti,70099 E North Ave,Tarrant,TX,76013,kristeen@gmail.com
Jenelle,Regusters,3211 E Northeast Loop,Hillsborough,FL,33619,jregusters@regusters.com
Renea,Monterrubio,26 Montgomery St,Fulton,GA,30328,renea@hotmail.com
Olive,Matuszak,13252 Lighthouse Ave,Riverside,CA,92234,olive@aol.com
Ligia,Reiber,206 Main St #2804,Ingham,MI,48933,lreiber@cox.net
Christiane,Eschberger,96541 W Central Blvd,Maricopa,AZ,85034,christiane.eschberger@yahoo.com
Goldie,Schirpke,34 Saint George Ave #2,Penobscot,ME,04401,goldie.schirpke@yahoo.com
Loreta,Timenez,47857 Coney Island Ave,Prince Georges,MD,20735,loreta.timenez@hotmail.com
Fabiola,Hauenstein,8573 Lincoln Blvd,York,PA,17404,fabiola.hauenstein@hauenstein.org
Amie,Perigo,596 Santa Maria Ave #7913,Dallas,TX,75150,amie.perigo@yahoo.com
Raina,Brachle,3829 Ventura Blvd,Silver Bow,MT,59701,raina.brachle@brachle.org
Erinn,Canlas,13 S Hacienda Dr,Essex,NJ,07039,erinn.canlas@canlas.com
Cherry,Lietz,40 9th Ave Sw #91,Oakland,MI,48329,cherry@lietz.com
Kattie,Vonasek,2845 Boulder Crescent St,Cuyahoga,OH,44103,kattie@vonasek.org
Lilli,Scriven,33 State St,Taylor,TX,79601,lilli@aol.com
Whitley,Tomasulo,2 S 15th St,Tarrant,TX,76107,whitley.tomasulo@aol.com
Barbra,Adkin,4 Kohler Memorial Dr,Kings,NY,11230,badkin@hotmail.com
Hermila,Thyberg,1 Rancho Del Mar Shopping C,Providence,RI,02903,hermila_thyberg@hotmail.com
Jesusita,Flister,3943 N Highland Ave,Lancaster,PA,17601,jesusita.flister@hotmail.com
Caitlin,Julia,5 Williams St,Providence,RI,02919,caitlin.julia@julia.org
Roosevelt,Hoffis,60 Old Dover Rd,Miami-Dade,FL,33014,roosevelt.hoffis@aol.com
Helaine,Halter,8 Sheridan Rd,Hudson,NJ,07304,hhalter@yahoo.com
Lorean,Martabano,85092 Southern Blvd,Bexar,TX,78204,lorean.martabano@hotmail.com
France,Buzick,64 Newman Springs Rd E,Kings,NY,11219,france.buzick@yahoo.com
Justine,Ferrario,48 Stratford Ave,Los Angeles,CA,91768,jferrario@hotmail.com
Adelina,Nabours,80 Pittsford Victor Rd #9,Cuyahoga,OH,44103,adelina_nabours@gmail.com
Derick,Dhamer,87163 N Main Ave,New York,NY,10013,ddhamer@cox.net
Jerry,Dallen,393 Lafayette Ave,Richmond City,VA,23219,jerry.dallen@yahoo.com
Leota,Ragel,99 5th Ave #33,Chattooga,GA,30753,leota.ragel@gmail.com
Jutta,Amyot,49 N Mays St,Lafayette,LA,70518,jamyot@hotmail.com
Aja,Gehrett,993 Washington Ave,Essex,NJ,07110,aja_gehrett@hotmail.com
Kirk,Herritt,88 15th Ave Ne,Broome,NY,13850,kirk.herritt@aol.com
Leonora,Mauson,3381 E 40th Ave,Passaic,NJ,07055,leonora@yahoo.com
Winfred,Brucato,201 Ridgewood Rd,Latah,ID,83843,winfred_brucato@hotmail.com
Tarra,Nachor,39 Moccasin Dr,San Francisco,CA,94104,tarra.nachor@cox.net
Corinne,Loder,4 Carroll St,Bristol,MA,02760,corinne@loder.org
Dulce,Labreche,9581 E Arapahoe Rd,Oakland,MI,48307,dulce_labreche@yahoo.com
Kate,Keneipp,33 N Michigan Ave,Brown,WI,54301,kate_keneipp@yahoo.com
Kaitlyn,Ogg,2 S Biscayne Blvd,Baltimore City,MD,21230,kaitlyn.ogg@gmail.com
Sherita,Saras,8 Us Highway 22,El Paso,CO,80937,sherita.saras@cox.net
Lashawnda,Stuer,7422 Martin Ave #8,Lucas,OH,43607,lstuer@cox.net
Ernest,Syrop,94 Chase Rd,Prince Georges,MD,20785,ernest@cox.net
Nobuko,Halsey,8139 I Hwy 10 #92,Bristol,MA,02745,nobuko.halsey@yahoo.com
Lavonna,Wolny,5 Cabot Rd,Fairfax,VA,22102,lavonna.wolny@hotmail.com
Lashaunda,Lizama,3387 Ryan Dr,Anne Arundel,MD,21076,llizama@cox.net
Mariann,Bilden,3125 Packer Ave #9851,Travis,TX,78753,mariann.bilden@aol.com
Helene,Rodenberger,347 Chestnut St,Maricopa,AZ,85381,helene@aol.com
Roselle,Estell,8116 Mount Vernon Ave,Crawford,OH,44820,roselle.estell@hotmail.com
Samira,Heintzman,8772 Old County Rd #5410,King,WA,98032,sheintzman@hotmail.com
Margart,Meisel,868 State St #38,Hamilton,OH,45251,margart_meisel@yahoo.com
Kristofer,Bennick,772 W River Dr,Monroe,IN,47404,kristofer.bennick@yahoo.com
Weldon,Acuff,73 W Barstow Ave,Cook,IL,60004,wacuff@gmail.com
Shalon,Shadrick,61047 Mayfield Ave,Kings,NY,11223,shalon@cox.net
Denise,Patak,2139 Santa Rosa Ave,Orange,FL,32801,denise@patak.org
Louvenia,Beech,598 43rd St,Los Angeles,CA,90210,louvenia.beech@beech.com
Audry,Yaw,70295 Pioneer Ct,Hillsborough,FL,33511,audry.yaw@yaw.org
Kristel,Ehmann,92899 Kalakaua Ave,El Paso,TX,79925,kristel.ehmann@aol.com
Vincenza,Zepp,395 S 6th St #2,San Diego,CA,92020,vzepp@gmail.com
Elouise,Gwalthney,9506 Edgemore Ave,Prince Georges,MD,20710,egwalthney@yahoo.com
Venita,Maillard,72119 S Walker Ave #63,Orange,CA,92801,venita_maillard@gmail.com
Kasandra,Semidey,369 Latham St #500,Saint Louis City,MO,63102,kasandra_semidey@semidey.com
Xochitl,Discipio,3158 Runamuck Pl,Williamson,TX,78664,xdiscipio@gmail.com
Maile,Linahan,9 Plainsboro Rd #598,Guilford,NC,27409,mlinahan@yahoo.com
Krissy,Rauser,8728 S Broad St,Suffolk,NY,11727,krauser@cox.net
Pete,Dubaldi,2215 Prosperity Dr,Bergen,NJ,07071,pdubaldi@hotmail.com
Linn,Paa,1 S Pine St,Shelby,TN,38112,linn_paa@paa.com
Paris,Wide,187 Market St,Fulton,GA,30342,paris@hotmail.com
Wynell,Dorshorst,94290 S Buchanan St,San Mateo,CA,94044,wynell_dorshorst@dorshorst.org
Quentin,Birkner,7061 N 2nd St,Dakota,MN,55337,qbirkner@aol.com
Regenia,Kannady,10759 Main St,Maricopa,AZ,85260,regenia.kannady@cox.net
Sheron,Louissant,97 E 3rd St #9,Queens,NY,11101,sheron@aol.com
Izetta,Funnell,82 Winsor St #54,Dekalb,GA,30340,izetta.funnell@hotmail.com
Rodolfo,Butzen,41 Steel Ct,Rice,MN,55057,rodolfo@hotmail.com
Zona,Colla,49440 Dearborn St,Fairfield,CT,06854,zona@hotmail.com
Serina,Zagen,7 S Beverly Dr,Allen,IN,46802,szagen@aol.com
Paz,Sahagun,919 Wall Blvd,Lauderdale,MS,39307,paz_sahagun@cox.net
Markus,Lukasik,89 20th St E #779,Macomb,MI,48310,markus@yahoo.com
Jaclyn,Bachman,721 Interstate 45 S,El Paso,CO,80919,jaclyn@aol.com
Cyril,Daufeldt,3 Lawton St,New York,NY,10013,cyril_daufeldt@daufeldt.com
Gayla,Schnitzler,38 Pleasant Hill Rd,Alameda,CA,94545,gschnitzler@gmail.com
Erick,Nievas,45 E Acacia Ct,Cook,IL,60624,erick_nievas@aol.com
Jennie,Drymon,63728 Poway Rd #1,Lackawanna,PA,18509,jennie@cox.net
Mitsue,Scipione,77 222 Dr,Butte,CA,95965,mscipione@scipione.com
Ciara,Ventura,53 W Carey St,Orange,NY,12771,cventura@yahoo.com
Galen,Cantres,617 Nw 36th Ave,Cuyahoga,OH,44142,galen@yahoo.com
Truman,Feichtner,539 Coldwater Canyon Ave,Essex,NJ,07003,tfeichtner@yahoo.com
Gail,Kitty,735 Crawford Dr,Anchorage,AK,99501,gail@kitty.com
Dalene,Schoeneck,910 Rahway Ave,Philadelphia,PA,19102,dalene@schoeneck.org
Gertude,Witten,7 Tarrytown Rd,Hamilton,OH,45217,gertude.witten@gmail.com
Lizbeth,Kohl,35433 Blake St #588,Los Angeles,CA,90248,lizbeth@yahoo.com
Glenn,Berray,29 Cherry St #7073,Polk,IA,50315,gberray@gmail.com
Lashandra,Klang,810 N La Brea Ave,Montgomery,PA,19406,lashandra@yahoo.com
Lenna,Newville,987 Main St,Wake,NC,27601,lnewville@newville.com
Laurel,Pagliuca,36 Enterprise St Se,Benton,WA,99352,laurel@yahoo.com
Mireya,Frerking,8429 Miller Rd,Westchester,NY,10803,mireya.frerking@hotmail.com
Annelle,Tagala,5 W 7th St,Baltimore,MD,21234,annelle@yahoo.com
Dean,Ketelsen,2 Flynn Rd,Nassau,NY,11801,dean_ketelsen@gmail.com
Levi,Munis,2094 Ne 36th Ave,Worcester,MA,01603,levi.munis@gmail.com
Sylvie,Ryser,649 Tulane Ave,Tulsa,OK,74105,sylvie@aol.com
Sharee,Maile,2094 Montour Blvd,Muskegon,MI,49442,sharee_maile@aol.com
Cordelia,Storment,393 Hammond Dr,Lafayette,LA,70506,cordelia_storment@aol.com
Mollie,Mcdoniel,8590 Lake Lizzie Dr,Wood,OH,43402,mollie_mcdoniel@yahoo.com
Brett,Mccullan,87895 Concord Rd,San Diego,CA,91942,brett.mccullan@mccullan.com
Teddy,Pedrozo,46314 Route 130,Fairfield,CT,06610,teddy_pedrozo@aol.com
Tasia,Andreason,4 Cowesett Ave,Hudson,NJ,07032,tasia_andreason@yahoo.com
Hubert,Walthall,95 Main Ave #2,Summit,OH,44203,hubert@walthall.org
Arthur,Farrow,28 S 7th St #2824,Bergen,NJ,07631,arthur.farrow@yahoo.com
Vilma,Berlanga,79 S Howell Ave,Kent,MI,49546,vberlanga@berlanga.com
Billye,Miro,36 Lancaster Dr Se,Rankin,MS,39208,billye_miro@cox.net
Glenna,Slayton,2759 Livingston Ave,Shelby,TN,38118,glenna_slayton@cox.net
Mitzie,Hudnall,17 Jersey Ave,Arapahoe,CO,80110,mitzie_hudnall@yahoo.com
Bernardine,Rodefer,2 W Grand Ave,Shelby,TN,38112,bernardine_rodefer@yahoo.com
Staci,Schmaltz,18 Coronado Ave #563,Los Angeles,CA,91106,staci_schmaltz@aol.com
Nichelle,Meteer,72 Beechwood Ter,Cook,IL,60657,nichelle_meteer@meteer.com
Janine,Rhoden,92 Broadway,Queens,NY,11103,jrhoden@yahoo.com
Ettie,Hoopengardner,39 Franklin Ave,Benton,WA,99352,ettie.hoopengardner@hotmail.com
Eden,Jayson,4 Iwaena St,Baltimore City,MD,21202,eden_jayson@yahoo.com
Lynelle,Auber,32820 Corkwood Rd,Essex,NJ,07104,lynelle_auber@gmail.com
Merissa,Tomblin,34 Raritan Center Pky,Los Angeles,CA,90706,merissa.tomblin@gmail.com
Golda,Kaniecki,6201 S Nevada Ave,Ocean,NJ,08755,golda_kaniecki@yahoo.com
Catarina,Gleich,78 Maryland Dr #146,Morris,NJ,07834,catarina_gleich@hotmail.com
Virgie,Kiel,76598 Rd  I 95 #1,Denver,CO,80216,vkiel@hotmail.com
Jolene,Ostolaza,1610 14th St Nw,Newport News City,VA,23608,jolene@yahoo.com
Keneth,Borgman,86350 Roszel Rd,Maricopa,AZ,85012,keneth@yahoo.com
Rikki,Nayar,1644 Clove Rd,Miami-Dade,FL,33155,rikki@nayar.com
Elke,Sengbusch,9 W Central Ave,Maricopa,AZ,85013,elke_sengbusch@yahoo.com
Hoa,Sarao,27846 Lafayette Ave,Volusia,FL,32759,hoa@sarao.org
Trinidad,Mcrae,10276 Brooks St,San Francisco,CA,94105,trinidad_mcrae@yahoo.com
Mari,Lueckenbach,1 Century Park E,San Diego,CA,92110,mari_lueckenbach@yahoo.com
Selma,Husser,9 State Highway 57 #22,Hudson,NJ,07306,selma.husser@cox.net
Antione,Onofrio,4 S Washington Ave,San Bernardino,CA,92410,aonofrio@onofrio.com
Luisa,Jurney,25 Se 176th Pl,Middlesex,MA,02138,ljurney@hotmail.com
Clorinda,Heimann,105 Richmond Valley Rd,San Diego,CA,92025,clorinda.heimann@hotmail.com
Dick,Wenzinger,22 Spruce St #595,Los Angeles,CA,90248,dick@yahoo.com
Ahmed,Angalich,2 W Beverly Blvd,Dauphin,PA,17110,ahmed.angalich@angalich.com
Iluminada,Ohms,72 Southern Blvd,Maricopa,AZ,85204,iluminada.ohms@yahoo.com
Joanna,Leinenbach,1 Washington St,Palm Beach,FL,33461,joanna_leinenbach@hotmail.com
Caprice,Suell,90177 N 55th Ave,Davidson,TN,37211,caprice@aol.com
Stephane,Myricks,9 Tower Ave,Boone,KY,41005,stephane_myricks@cox.net
Quentin,Swayze,278 Bayview Ave,Monroe,MI,48160,quentin_swayze@yahoo.com
Annmarie,Castros,80312 W 32nd St,Montgomery,TX,77301,annmarie_castros@gmail.com
Shonda,Greenbush,82 Us Highway 46,Passaic,NJ,07011,shonda_greenbush@cox.net
Cecil,Lapage,4 Stovall St #72,Hudson,NJ,07087,clapage@lapage.com
Jeanice,Claucherty,19 Amboy Ave,Miami-Dade,FL,33142,jeanice.claucherty@yahoo.com
Josphine,Villanueva,63 Smith Ln #8343,Clay,TN,38575,josphine_villanueva@villanueva.com
Daniel,Perruzza,11360 S Halsted St,Orange,CA,92705,dperruzza@perruzza.com
Cassi,Wildfong,26849 Jefferson Hwy,Cook,IL,60008,cassi.wildfong@aol.com
Britt,Galam,2500 Pringle Rd Se #508,Montgomery,PA,19440,britt@galam.org
Adell,Lipkin,65 Mountain View Dr,Morris,NJ,07981,adell.lipkin@lipkin.com
Jacqueline,Rowling,1 N San Saba,Erie,PA,16501,jacqueline.rowling@yahoo.com
Lonny,Weglarz,51120 State Route 18,Salt Lake,UT,84115,lonny_weglarz@gmail.com
Lonna,Diestel,1482 College Ave,Cumberland,NC,28301,lonna_diestel@gmail.com
Cristal,Samara,4119 Metropolitan Dr,Los Angeles,CA,90021,cristal@cox.net
Kenneth,Grenet,2167 Sierra Rd,Ingham,MI,48823,kenneth.grenet@grenet.org
Elli,Mclaird,6 Sunrise Ave,Oneida,NY,13501,emclaird@mclaird.com
Alline,Jeanty,55713 Lake City Hwy,St Joseph,IN,46601,ajeanty@gmail.com
Sharika,Eanes,75698 N Fiesta Blvd,Orange,FL,32806,sharika.eanes@aol.com
Nu,Mcnease,88 Sw 28th Ter,Hudson,NJ,07029,nu@gmail.com
Daniela,Comnick,7 Flowers Rd #403,Mercer,NJ,08611,dcomnick@cox.net
Cecilia,Colaizzo,4 Nw 12th St #3849,Dane,WI,53717,cecilia_colaizzo@colaizzo.com
Leslie,Threets,2 A Kelley Dr,Westchester,NY,10536,leslie@cox.net
Nan,Koppinger,88827 Frankford Ave,Guilford,NC,27401,nan@koppinger.com
Izetta,Dewar,2 W Scyene Rd #3,Baltimore City,MD,21217,idewar@dewar.com
Tegan,Arceo,62260 Park Stre,Middlesex,NJ,08831,tegan.arceo@arceo.org
Ruthann,Keener,3424 29th St Se,Kerr,TX,78028,ruthann@hotmail.com
Joni,Breland,35 E Main St #43,Cook,IL,60007,joni_breland@cox.net
Vi,Rentfro,7163 W Clark Rd,Monmouth,NJ,07728,vrentfro@cox.net
Colette,Kardas,21575 S Apple Creek Rd,Douglas,NE,68124,colette.kardas@yahoo.com
Malcolm,Tromblay,747 Leonis Blvd,Fairfax,VA,22003,malcolm_tromblay@cox.net
Ryan,Harnos,13 Gunnison St,Collin,TX,75075,ryan@cox.net
Jess,Chaffins,18 3rd Ave,New York,NY,10016,jess.chaffins@chaffins.org
Sharen,Bourbon,62 W Austin St,Nassau,NY,11791,sbourbon@yahoo.com
Nickolas,Juvera,177 S Rider Trl #52,Citrus,FL,34429,nickolas_juvera@cox.net
Gary,Nunlee,2 W Mount Royal Ave,Hancock,IN,46040,gary_nunlee@nunlee.org
Diane,Devreese,1953 Telegraph Rd,Buchanan,MO,64504,diane@cox.net
Roslyn,Chavous,63517 Dupont St,Hinds,MS,39211,roslyn.chavous@chavous.org
Glory,Schieler,5 E Truman Rd,Taylor,TX,79602,glory@yahoo.com
Rasheeda,Sayaphon,251 Park Ave #979,Santa Clara,CA,95070,rasheeda@aol.com
Alpha,Palaia,43496 Commercial Dr #29,Camden,NJ,08003,alpha@yahoo.com
Refugia,Jacobos,2184 Worth St,Alameda,CA,94545,refugia.jacobos@jacobos.com
Shawnda,Yori,50126 N Plankinton Ave,Seminole,FL,32750,shawnda.yori@yahoo.com
Mona,Delasancha,38773 Gravois Ave,Laramie,WY,82001,mdelasancha@hotmail.com
Gilma,Liukko,16452 Greenwich St,Nassau,NY,11530,gilma_liukko@gmail.com
Janey,Gabisi,40 Cambridge Ave,Dane,WI,53715,jgabisi@hotmail.com
Lili,Paskin,20113 4th Ave E,Hudson,NJ,07032,lili.paskin@cox.net
Loren,Asar,6 Ridgewood Center Dr,Lackawanna,PA,18518,loren.asar@aol.com
Dorothy,Chesterfield,469 Outwater Ln,San Diego,CA,92126,dorothy@cox.net
Gail,Similton,62 Monroe St,Riverside,CA,92276,gail_similton@similton.com
Catalina,Tillotson,3338 A Lockport Pl #6,Atlantic,NJ,08402,catalina@hotmail.com
Lawrence,Lorens,9 Hwy,Providence,RI,02906,lawrence.lorens@hotmail.com
Carlee,Boulter,8284 Hart St,Dickinson,KS,67410,carlee.boulter@hotmail.com
Thaddeus,Ankeny,5 Washington St #1,Placer,CA,95678,tankeny@ankeny.org
Jovita,Oles,8 S Haven St,Volusia,FL,32114,joles@gmail.com
Alesia,Hixenbaugh,9 Front St,District of Columbia,DC,20001,alesia_hixenbaugh@hixenbaugh.org
Lai,Harabedian,1933 Packer Ave #2,Marin,CA,94945,lai@gmail.com
Brittni,Gillaspie,67 Rv Cent,Ada,ID,83709,bgillaspie@gillaspie.com
Raylene,Kampa,2 Sw Nyberg Rd,Elkhart,IN,46514,rkampa@kampa.org
Flo,Bookamer,89992 E 15th St,Box Butte,NE,69301,flo.bookamer@cox.net
Jani,Biddy,61556 W 20th Ave,King,WA,98104,jbiddy@yahoo.com
Chauncey,Motley,63 E Aurora Dr,Orange,FL,32804,chauncey_motley@aol.com
